description,template
"Event landing page with schedule, ticketing options, and guest list features.",fitness
"Corporate website with sections for about us, services, and contact information.",fashion
"Corporate website with sections for about us, services, and contact information.",e-commerce
"E-learning platform with courses, quizzes, and student progress tracking.",corporate
"Online forum for discussions, user-generated content, and topic categorization.",event
"Photography website with galleries, portfolio showcase, and booking form.",photography
"Online forum for discussions, user-generated content, and topic categorization.",photography
"Real estate website with property listings, agent contact information, and virtual tours.",news
"A restaurant website with menu display, reservation system, and contact form.",landing page
A modern online store with shopping cart functionality and payment integration.,e-learning
"Travel blog with itinerary sharing, destination guides, and photo galleries.",photography
"Health and wellness site with articles, tips, and a community forum.",music
"Travel blog with itinerary sharing, destination guides, and photo galleries.",music
Landing page for product launch with email signup and product showcase.,blog
"Event landing page with schedule, ticketing options, and guest list features.",music
"Fitness website with workout plans, meal suggestions, and progress tracking.",travel
A modern online store with shopping cart functionality and payment integration.,restaurant
"E-learning platform with courses, quizzes, and student progress tracking.",e-learning
Landing page for product launch with email signup and product showcase.,corporate
"Tech news website with articles, reviews, and user commentary sections.",news
"Non-profit organization site with donation options, event calendars, and volunteer signup.",health
"Fitness website with workout plans, meal suggestions, and progress tracking.",portfolio
"A restaurant website with menu display, reservation system, and contact form.",photography
"Personal blog with space for articles, comments, and social media links.",fitness
"Fitness website with workout plans, meal suggestions, and progress tracking.",forum
Landing page for product launch with email signup and product showcase.,tech
"Tech news website with articles, reviews, and user commentary sections.",restaurant
"Corporate website with sections for about us, services, and contact information.",non-profit
"Event landing page with schedule, ticketing options, and guest list features.",portfolio
"Music artist website with discography, tour dates, and merchandise shop.",tech
"Online forum for discussions, user-generated content, and topic categorization.",tech
"Health and wellness site with articles, tips, and a community forum.",news
A modern online store with shopping cart functionality and payment integration.,fashion
"A restaurant website with menu display, reservation system, and contact form.",forum
"Corporate website with sections for about us, services, and contact information.",event
"E-learning platform with courses, quizzes, and student progress tracking.",tech
"Fashion website with lookbooks, online shop, and style guides.",fashion
"Photography website with galleries, portfolio showcase, and booking form.",corporate
"Photography website with galleries, portfolio showcase, and booking form.",fitness
"Online forum for discussions, user-generated content, and topic categorization.",non-profit
Landing page for product launch with email signup and product showcase.,gaming
"E-learning platform with courses, quizzes, and student progress tracking.",restaurant
"Tech news website with articles, reviews, and user commentary sections.",health
"News site template with category filtering, trending articles, and social media links.",tech
"E-learning platform with courses, quizzes, and student progress tracking.",corporate
"Online forum for discussions, user-generated content, and topic categorization.",landing page
"Fashion website with lookbooks, online shop, and style guides.",fashion
"Gaming website with news, reviews, and community engagement sections.",e-learning
"Health and wellness site with articles, tips, and a community forum.",fashion
"Fashion website with lookbooks, online shop, and style guides.",e-learning
"News site template with category filtering, trending articles, and social media links.",music
Landing page for product launch with email signup and product showcase.,tech
"Travel blog with itinerary sharing, destination guides, and photo galleries.",restaurant
"Travel blog with itinerary sharing, destination guides, and photo galleries.",fashion
"A restaurant website with menu display, reservation system, and contact form.",fashion
"Non-profit organization site with donation options, event calendars, and volunteer signup.",event
Landing page for product launch with email signup and product showcase.,landing page
"Photography website with galleries, portfolio showcase, and booking form.",e-commerce
"Real estate website with property listings, agent contact information, and virtual tours.",landing page
"E-learning platform with courses, quizzes, and student progress tracking.",photography
"Gaming website with news, reviews, and community engagement sections.",real estate
"Corporate website with sections for about us, services, and contact information.",corporate
"Photography website with galleries, portfolio showcase, and booking form.",news
"Online forum for discussions, user-generated content, and topic categorization.",forum
"Real estate website with property listings, agent contact information, and virtual tours.",blog
"Personal blog with space for articles, comments, and social media links.",music
"E-learning platform with courses, quizzes, and student progress tracking.",restaurant
"Real estate website with property listings, agent contact information, and virtual tours.",restaurant
"E-learning platform with courses, quizzes, and student progress tracking.",portfolio
"Fitness website with workout plans, meal suggestions, and progress tracking.",landing page
"E-learning platform with courses, quizzes, and student progress tracking.",fashion
"Music artist website with discography, tour dates, and merchandise shop.",travel
"Gaming website with news, reviews, and community engagement sections.",news
"Health and wellness site with articles, tips, and a community forum.",news
"Health and wellness site with articles, tips, and a community forum.",portfolio
"Non-profit organization site with donation options, event calendars, and volunteer signup.",tech
"Health and wellness site with articles, tips, and a community forum.",real estate
"Non-profit organization site with donation options, event calendars, and volunteer signup.",e-learning
"A restaurant website with menu display, reservation system, and contact form.",forum
"News site template with category filtering, trending articles, and social media links.",blog
"Travel blog with itinerary sharing, destination guides, and photo galleries.",event
"Professional portfolio with sections for projects, skills, and contact details.",non-profit
"E-learning platform with courses, quizzes, and student progress tracking.",landing page
"Online forum for discussions, user-generated content, and topic categorization.",e-learning
"Real estate website with property listings, agent contact information, and virtual tours.",corporate
"Online forum for discussions, user-generated content, and topic categorization.",portfolio
"Corporate website with sections for about us, services, and contact information.",gaming
"Corporate website with sections for about us, services, and contact information.",e-commerce
Landing page for product launch with email signup and product showcase.,photography
"Online forum for discussions, user-generated content, and topic categorization.",news
"Corporate website with sections for about us, services, and contact information.",fashion
"News site template with category filtering, trending articles, and social media links.",tech
"Health and wellness site with articles, tips, and a community forum.",fashion
"Personal blog with space for articles, comments, and social media links.",e-learning
"Gaming website with news, reviews, and community engagement sections.",photography
"Real estate website with property listings, agent contact information, and virtual tours.",tech
A modern online store with shopping cart functionality and payment integration.,photography
"Travel blog with itinerary sharing, destination guides, and photo galleries.",music
"E-learning platform with courses, quizzes, and student progress tracking.",travel
"Online forum for discussions, user-generated content, and topic categorization.",non-profit
"A restaurant website with menu display, reservation system, and contact form.",travel
"Event landing page with schedule, ticketing options, and guest list features.",real estate
"Personal blog with space for articles, comments, and social media links.",forum
"Music artist website with discography, tour dates, and merchandise shop.",travel
"Event landing page with schedule, ticketing options, and guest list features.",news
"Personal blog with space for articles, comments, and social media links.",non-profit
"Online forum for discussions, user-generated content, and topic categorization.",event
"Professional portfolio with sections for projects, skills, and contact details.",fashion
"E-learning platform with courses, quizzes, and student progress tracking.",real estate
"E-learning platform with courses, quizzes, and student progress tracking.",restaurant
"Non-profit organization site with donation options, event calendars, and volunteer signup.",corporate
"A restaurant website with menu display, reservation system, and contact form.",portfolio
"Health and wellness site with articles, tips, and a community forum.",corporate
"Corporate website with sections for about us, services, and contact information.",tech
"Tech news website with articles, reviews, and user commentary sections.",blog
"Gaming website with news, reviews, and community engagement sections.",fitness
"E-learning platform with courses, quizzes, and student progress tracking.",gaming
"Photography website with galleries, portfolio showcase, and booking form.",travel
"Travel blog with itinerary sharing, destination guides, and photo galleries.",forum
"News site template with category filtering, trending articles, and social media links.",gaming
"Non-profit organization site with donation options, event calendars, and volunteer signup.",portfolio
"Online forum for discussions, user-generated content, and topic categorization.",event
"Music artist website with discography, tour dates, and merchandise shop.",fashion
"Event landing page with schedule, ticketing options, and guest list features.",fitness
"Non-profit organization site with donation options, event calendars, and volunteer signup.",real estate
"News site template with category filtering, trending articles, and social media links.",portfolio
"Corporate website with sections for about us, services, and contact information.",restaurant
"Personal blog with space for articles, comments, and social media links.",event
"Event landing page with schedule, ticketing options, and guest list features.",landing page
"Travel blog with itinerary sharing, destination guides, and photo galleries.",fashion
"Photography website with galleries, portfolio showcase, and booking form.",gaming
"Fashion website with lookbooks, online shop, and style guides.",e-learning
"Travel blog with itinerary sharing, destination guides, and photo galleries.",corporate
"Travel blog with itinerary sharing, destination guides, and photo galleries.",event
"Health and wellness site with articles, tips, and a community forum.",blog
"Travel blog with itinerary sharing, destination guides, and photo galleries.",travel
"Non-profit organization site with donation options, event calendars, and volunteer signup.",landing page
"Gaming website with news, reviews, and community engagement sections.",gaming
"Corporate website with sections for about us, services, and contact information.",news
"Fashion website with lookbooks, online shop, and style guides.",restaurant
A modern online store with shopping cart functionality and payment integration.,event
"Travel blog with itinerary sharing, destination guides, and photo galleries.",non-profit
"Professional portfolio with sections for projects, skills, and contact details.",travel
"Professional portfolio with sections for projects, skills, and contact details.",music
"Fitness website with workout plans, meal suggestions, and progress tracking.",e-learning
"Fashion website with lookbooks, online shop, and style guides.",news
"Fashion website with lookbooks, online shop, and style guides.",restaurant
"Online forum for discussions, user-generated content, and topic categorization.",landing page
"Online forum for discussions, user-generated content, and topic categorization.",non-profit
Landing page for product launch with email signup and product showcase.,blog
"Non-profit organization site with donation options, event calendars, and volunteer signup.",news
"Gaming website with news, reviews, and community engagement sections.",health
"Corporate website with sections for about us, services, and contact information.",tech
"Tech news website with articles, reviews, and user commentary sections.",restaurant
"News site template with category filtering, trending articles, and social media links.",travel
"E-learning platform with courses, quizzes, and student progress tracking.",corporate
"Tech news website with articles, reviews, and user commentary sections.",real estate
A modern online store with shopping cart functionality and payment integration.,music
"Music artist website with discography, tour dates, and merchandise shop.",real estate
"Music artist website with discography, tour dates, and merchandise shop.",photography
"Music artist website with discography, tour dates, and merchandise shop.",portfolio
"Professional portfolio with sections for projects, skills, and contact details.",photography
"Event landing page with schedule, ticketing options, and guest list features.",news
"Gaming website with news, reviews, and community engagement sections.",portfolio
"Online forum for discussions, user-generated content, and topic categorization.",tech
"Online forum for discussions, user-generated content, and topic categorization.",fitness
"Music artist website with discography, tour dates, and merchandise shop.",fitness
"Music artist website with discography, tour dates, and merchandise shop.",travel
"News site template with category filtering, trending articles, and social media links.",landing page
"Travel blog with itinerary sharing, destination guides, and photo galleries.",non-profit
"Corporate website with sections for about us, services, and contact information.",tech
A modern online store with shopping cart functionality and payment integration.,news
"Music artist website with discography, tour dates, and merchandise shop.",fitness
"Health and wellness site with articles, tips, and a community forum.",real estate
"E-learning platform with courses, quizzes, and student progress tracking.",fitness
"Fashion website with lookbooks, online shop, and style guides.",gaming
"A restaurant website with menu display, reservation system, and contact form.",news
"A restaurant website with menu display, reservation system, and contact form.",photography
A modern online store with shopping cart functionality and payment integration.,portfolio
"Gaming website with news, reviews, and community engagement sections.",travel
Landing page for product launch with email signup and product showcase.,forum
"Real estate website with property listings, agent contact information, and virtual tours.",e-commerce
A modern online store with shopping cart functionality and payment integration.,travel
"Travel blog with itinerary sharing, destination guides, and photo galleries.",portfolio
"Real estate website with property listings, agent contact information, and virtual tours.",travel
"Tech news website with articles, reviews, and user commentary sections.",portfolio
"Non-profit organization site with donation options, event calendars, and volunteer signup.",tech
Landing page for product launch with email signup and product showcase.,news
"Event landing page with schedule, ticketing options, and guest list features.",forum
"Gaming website with news, reviews, and community engagement sections.",landing page
"Health and wellness site with articles, tips, and a community forum.",gaming
"Travel blog with itinerary sharing, destination guides, and photo galleries.",music
"Professional portfolio with sections for projects, skills, and contact details.",event
"Real estate website with property listings, agent contact information, and virtual tours.",news
"Personal blog with space for articles, comments, and social media links.",news
"Health and wellness site with articles, tips, and a community forum.",news
"Online forum for discussions, user-generated content, and topic categorization.",photography
A modern online store with shopping cart functionality and payment integration.,e-commerce
"Corporate website with sections for about us, services, and contact information.",corporate
"A restaurant website with menu display, reservation system, and contact form.",travel
"Corporate website with sections for about us, services, and contact information.",event
"Travel blog with itinerary sharing, destination guides, and photo galleries.",tech
"Gaming website with news, reviews, and community engagement sections.",fashion
"Travel blog with itinerary sharing, destination guides, and photo galleries.",blog
"Corporate website with sections for about us, services, and contact information.",e-commerce
"Tech news website with articles, reviews, and user commentary sections.",portfolio
"Tech news website with articles, reviews, and user commentary sections.",landing page
"A restaurant website with menu display, reservation system, and contact form.",tech
"Music artist website with discography, tour dates, and merchandise shop.",fashion
A modern online store with shopping cart functionality and payment integration.,real estate
"Non-profit organization site with donation options, event calendars, and volunteer signup.",restaurant
"A restaurant website with menu display, reservation system, and contact form.",photography
"E-learning platform with courses, quizzes, and student progress tracking.",fashion
"Tech news website with articles, reviews, and user commentary sections.",fitness
"Personal blog with space for articles, comments, and social media links.",restaurant
"A restaurant website with menu display, reservation system, and contact form.",travel
"Photography website with galleries, portfolio showcase, and booking form.",blog
"Non-profit organization site with donation options, event calendars, and volunteer signup.",portfolio
"Fashion website with lookbooks, online shop, and style guides.",health
"A restaurant website with menu display, reservation system, and contact form.",music
"E-learning platform with courses, quizzes, and student progress tracking.",tech
"Gaming website with news, reviews, and community engagement sections.",restaurant
"Photography website with galleries, portfolio showcase, and booking form.",restaurant
"Fitness website with workout plans, meal suggestions, and progress tracking.",event
"Personal blog with space for articles, comments, and social media links.",forum
"Travel blog with itinerary sharing, destination guides, and photo galleries.",tech
Landing page for product launch with email signup and product showcase.,event
"Travel blog with itinerary sharing, destination guides, and photo galleries.",fitness
A modern online store with shopping cart functionality and payment integration.,e-learning
"E-learning platform with courses, quizzes, and student progress tracking.",tech
"Fitness website with workout plans, meal suggestions, and progress tracking.",e-commerce
"Online forum for discussions, user-generated content, and topic categorization.",gaming
"Event landing page with schedule, ticketing options, and guest list features.",e-commerce
"News site template with category filtering, trending articles, and social media links.",portfolio
"A restaurant website with menu display, reservation system, and contact form.",music
"Professional portfolio with sections for projects, skills, and contact details.",restaurant
"Corporate website with sections for about us, services, and contact information.",photography
"E-learning platform with courses, quizzes, and student progress tracking.",landing page
"Online forum for discussions, user-generated content, and topic categorization.",restaurant
"Health and wellness site with articles, tips, and a community forum.",blog
"News site template with category filtering, trending articles, and social media links.",non-profit
"Travel blog with itinerary sharing, destination guides, and photo galleries.",music
"A restaurant website with menu display, reservation system, and contact form.",fashion
"News site template with category filtering, trending articles, and social media links.",real estate
"Travel blog with itinerary sharing, destination guides, and photo galleries.",fitness
"Health and wellness site with articles, tips, and a community forum.",health
"Health and wellness site with articles, tips, and a community forum.",music
"Health and wellness site with articles, tips, and a community forum.",health
"E-learning platform with courses, quizzes, and student progress tracking.",tech
A modern online store with shopping cart functionality and payment integration.,tech
"Event landing page with schedule, ticketing options, and guest list features.",corporate
"News site template with category filtering, trending articles, and social media links.",e-learning
"A restaurant website with menu display, reservation system, and contact form.",portfolio
"Online forum for discussions, user-generated content, and topic categorization.",portfolio
Landing page for product launch with email signup and product showcase.,corporate
"Photography website with galleries, portfolio showcase, and booking form.",e-commerce
"Event landing page with schedule, ticketing options, and guest list features.",restaurant
"Fitness website with workout plans, meal suggestions, and progress tracking.",portfolio
"Professional portfolio with sections for projects, skills, and contact details.",fitness
"Tech news website with articles, reviews, and user commentary sections.",fashion
Landing page for product launch with email signup and product showcase.,forum
"Online forum for discussions, user-generated content, and topic categorization.",e-learning
"A restaurant website with menu display, reservation system, and contact form.",event
"News site template with category filtering, trending articles, and social media links.",forum
"Tech news website with articles, reviews, and user commentary sections.",fashion
"Non-profit organization site with donation options, event calendars, and volunteer signup.",fitness
"E-learning platform with courses, quizzes, and student progress tracking.",gaming
"Tech news website with articles, reviews, and user commentary sections.",travel
"Fitness website with workout plans, meal suggestions, and progress tracking.",forum
"Non-profit organization site with donation options, event calendars, and volunteer signup.",fashion
"Gaming website with news, reviews, and community engagement sections.",news
"Corporate website with sections for about us, services, and contact information.",e-commerce
"Fitness website with workout plans, meal suggestions, and progress tracking.",landing page
Landing page for product launch with email signup and product showcase.,real estate
"Professional portfolio with sections for projects, skills, and contact details.",news
"Professional portfolio with sections for projects, skills, and contact details.",photography
"Online forum for discussions, user-generated content, and topic categorization.",tech
"Fitness website with workout plans, meal suggestions, and progress tracking.",travel
"Tech news website with articles, reviews, and user commentary sections.",gaming
"Photography website with galleries, portfolio showcase, and booking form.",portfolio
"Health and wellness site with articles, tips, and a community forum.",non-profit
"Event landing page with schedule, ticketing options, and guest list features.",forum
"Travel blog with itinerary sharing, destination guides, and photo galleries.",news
"Music artist website with discography, tour dates, and merchandise shop.",landing page
"Online forum for discussions, user-generated content, and topic categorization.",blog
"Travel blog with itinerary sharing, destination guides, and photo galleries.",real estate
"Travel blog with itinerary sharing, destination guides, and photo galleries.",music
"Music artist website with discography, tour dates, and merchandise shop.",music
"Online forum for discussions, user-generated content, and topic categorization.",gaming
"A restaurant website with menu display, reservation system, and contact form.",restaurant
"Online forum for discussions, user-generated content, and topic categorization.",portfolio
"Non-profit organization site with donation options, event calendars, and volunteer signup.",landing page
"News site template with category filtering, trending articles, and social media links.",blog
"Tech news website with articles, reviews, and user commentary sections.",restaurant
"Fashion website with lookbooks, online shop, and style guides.",e-learning
"Fitness website with workout plans, meal suggestions, and progress tracking.",gaming
"News site template with category filtering, trending articles, and social media links.",forum
"Health and wellness site with articles, tips, and a community forum.",health
"News site template with category filtering, trending articles, and social media links.",news
"Corporate website with sections for about us, services, and contact information.",landing page
"Fashion website with lookbooks, online shop, and style guides.",landing page
"Fitness website with workout plans, meal suggestions, and progress tracking.",restaurant
"E-learning platform with courses, quizzes, and student progress tracking.",portfolio
"Gaming website with news, reviews, and community engagement sections.",e-learning
"Non-profit organization site with donation options, event calendars, and volunteer signup.",fashion
"Professional portfolio with sections for projects, skills, and contact details.",gaming
"Professional portfolio with sections for projects, skills, and contact details.",real estate
"Tech news website with articles, reviews, and user commentary sections.",travel
"Photography website with galleries, portfolio showcase, and booking form.",restaurant
"Personal blog with space for articles, comments, and social media links.",photography
"News site template with category filtering, trending articles, and social media links.",tech
"Fashion website with lookbooks, online shop, and style guides.",forum
"Personal blog with space for articles, comments, and social media links.",corporate
"Travel blog with itinerary sharing, destination guides, and photo galleries.",fashion
"Non-profit organization site with donation options, event calendars, and volunteer signup.",non-profit
"Corporate website with sections for about us, services, and contact information.",fashion
"Non-profit organization site with donation options, event calendars, and volunteer signup.",blog
"Corporate website with sections for about us, services, and contact information.",e-commerce
A modern online store with shopping cart functionality and payment integration.,blog
"Gaming website with news, reviews, and community engagement sections.",fitness
"Professional portfolio with sections for projects, skills, and contact details.",portfolio
Landing page for product launch with email signup and product showcase.,travel
"Travel blog with itinerary sharing, destination guides, and photo galleries.",forum
"Professional portfolio with sections for projects, skills, and contact details.",fashion
"Real estate website with property listings, agent contact information, and virtual tours.",blog
"Event landing page with schedule, ticketing options, and guest list features.",health
A modern online store with shopping cart functionality and payment integration.,forum
"A restaurant website with menu display, reservation system, and contact form.",portfolio
"Gaming website with news, reviews, and community engagement sections.",landing page
A modern online store with shopping cart functionality and payment integration.,travel
"Photography website with galleries, portfolio showcase, and booking form.",fitness
"Gaming website with news, reviews, and community engagement sections.",fitness
"Personal blog with space for articles, comments, and social media links.",health
"Fashion website with lookbooks, online shop, and style guides.",gaming
"Gaming website with news, reviews, and community engagement sections.",event
"Travel blog with itinerary sharing, destination guides, and photo galleries.",e-learning
"Event landing page with schedule, ticketing options, and guest list features.",event
"Photography website with galleries, portfolio showcase, and booking form.",landing page
"Fashion website with lookbooks, online shop, and style guides.",photography
"Corporate website with sections for about us, services, and contact information.",news
"Event landing page with schedule, ticketing options, and guest list features.",portfolio
"Real estate website with property listings, agent contact information, and virtual tours.",fitness
"Corporate website with sections for about us, services, and contact information.",portfolio
"Corporate website with sections for about us, services, and contact information.",photography
"Personal blog with space for articles, comments, and social media links.",restaurant
"Travel blog with itinerary sharing, destination guides, and photo galleries.",fashion
"Gaming website with news, reviews, and community engagement sections.",forum
"Event landing page with schedule, ticketing options, and guest list features.",e-commerce
"Music artist website with discography, tour dates, and merchandise shop.",fitness
"Event landing page with schedule, ticketing options, and guest list features.",travel
"Professional portfolio with sections for projects, skills, and contact details.",fashion
"Music artist website with discography, tour dates, and merchandise shop.",tech
"Music artist website with discography, tour dates, and merchandise shop.",e-learning
"Online forum for discussions, user-generated content, and topic categorization.",photography
"E-learning platform with courses, quizzes, and student progress tracking.",tech
A modern online store with shopping cart functionality and payment integration.,tech
"Non-profit organization site with donation options, event calendars, and volunteer signup.",fashion
"Corporate website with sections for about us, services, and contact information.",photography
Landing page for product launch with email signup and product showcase.,restaurant
"Fitness website with workout plans, meal suggestions, and progress tracking.",fitness
"Non-profit organization site with donation options, event calendars, and volunteer signup.",corporate
"Fitness website with workout plans, meal suggestions, and progress tracking.",landing page
"Tech news website with articles, reviews, and user commentary sections.",photography
"Health and wellness site with articles, tips, and a community forum.",gaming
"Gaming website with news, reviews, and community engagement sections.",health
"News site template with category filtering, trending articles, and social media links.",tech
"Online forum for discussions, user-generated content, and topic categorization.",forum
"Non-profit organization site with donation options, event calendars, and volunteer signup.",non-profit
"Health and wellness site with articles, tips, and a community forum.",e-commerce
"Gaming website with news, reviews, and community engagement sections.",portfolio
"Tech news website with articles, reviews, and user commentary sections.",real estate
"Health and wellness site with articles, tips, and a community forum.",news
A modern online store with shopping cart functionality and payment integration.,fashion
"A restaurant website with menu display, reservation system, and contact form.",real estate
"Online forum for discussions, user-generated content, and topic categorization.",tech
"Photography website with galleries, portfolio showcase, and booking form.",travel
"Photography website with galleries, portfolio showcase, and booking form.",photography
"Real estate website with property listings, agent contact information, and virtual tours.",music
"Music artist website with discography, tour dates, and merchandise shop.",restaurant
"Tech news website with articles, reviews, and user commentary sections.",health
"A restaurant website with menu display, reservation system, and contact form.",e-learning
"Fitness website with workout plans, meal suggestions, and progress tracking.",non-profit
"Gaming website with news, reviews, and community engagement sections.",real estate
"Photography website with galleries, portfolio showcase, and booking form.",fitness
"News site template with category filtering, trending articles, and social media links.",travel
"Travel blog with itinerary sharing, destination guides, and photo galleries.",portfolio
"Professional portfolio with sections for projects, skills, and contact details.",fashion
A modern online store with shopping cart functionality and payment integration.,e-commerce
"Non-profit organization site with donation options, event calendars, and volunteer signup.",music
"News site template with category filtering, trending articles, and social media links.",health
"E-learning platform with courses, quizzes, and student progress tracking.",gaming
"Professional portfolio with sections for projects, skills, and contact details.",travel
Landing page for product launch with email signup and product showcase.,tech
"Fitness website with workout plans, meal suggestions, and progress tracking.",restaurant
"Health and wellness site with articles, tips, and a community forum.",corporate
"E-learning platform with courses, quizzes, and student progress tracking.",tech
"Health and wellness site with articles, tips, and a community forum.",real estate
"Music artist website with discography, tour dates, and merchandise shop.",real estate
"Health and wellness site with articles, tips, and a community forum.",non-profit
"A restaurant website with menu display, reservation system, and contact form.",fashion
Landing page for product launch with email signup and product showcase.,landing page
"Event landing page with schedule, ticketing options, and guest list features.",fashion
"Photography website with galleries, portfolio showcase, and booking form.",blog
"E-learning platform with courses, quizzes, and student progress tracking.",news
"Fashion website with lookbooks, online shop, and style guides.",real estate
"Personal blog with space for articles, comments, and social media links.",event
"Non-profit organization site with donation options, event calendars, and volunteer signup.",landing page
"Corporate website with sections for about us, services, and contact information.",gaming
"Gaming website with news, reviews, and community engagement sections.",tech
A modern online store with shopping cart functionality and payment integration.,portfolio
"Tech news website with articles, reviews, and user commentary sections.",health
A modern online store with shopping cart functionality and payment integration.,corporate
"Corporate website with sections for about us, services, and contact information.",health
"Event landing page with schedule, ticketing options, and guest list features.",restaurant
"Gaming website with news, reviews, and community engagement sections.",event
"Tech news website with articles, reviews, and user commentary sections.",forum
"Professional portfolio with sections for projects, skills, and contact details.",news
"Event landing page with schedule, ticketing options, and guest list features.",e-commerce
"Health and wellness site with articles, tips, and a community forum.",restaurant
"Corporate website with sections for about us, services, and contact information.",health
"Fashion website with lookbooks, online shop, and style guides.",corporate
"Real estate website with property listings, agent contact information, and virtual tours.",non-profit
"Non-profit organization site with donation options, event calendars, and volunteer signup.",e-commerce
"Professional portfolio with sections for projects, skills, and contact details.",blog
"Travel blog with itinerary sharing, destination guides, and photo galleries.",e-learning
"Non-profit organization site with donation options, event calendars, and volunteer signup.",e-learning
"Real estate website with property listings, agent contact information, and virtual tours.",restaurant
"Travel blog with itinerary sharing, destination guides, and photo galleries.",e-learning
"A restaurant website with menu display, reservation system, and contact form.",e-commerce
"Event landing page with schedule, ticketing options, and guest list features.",forum
"Health and wellness site with articles, tips, and a community forum.",music
"News site template with category filtering, trending articles, and social media links.",corporate
"Online forum for discussions, user-generated content, and topic categorization.",travel
"Corporate website with sections for about us, services, and contact information.",health
"Health and wellness site with articles, tips, and a community forum.",blog
"Corporate website with sections for about us, services, and contact information.",forum
"Travel blog with itinerary sharing, destination guides, and photo galleries.",tech
"News site template with category filtering, trending articles, and social media links.",blog
A modern online store with shopping cart functionality and payment integration.,gaming
"Personal blog with space for articles, comments, and social media links.",corporate
"Real estate website with property listings, agent contact information, and virtual tours.",fashion
"News site template with category filtering, trending articles, and social media links.",non-profit
"Travel blog with itinerary sharing, destination guides, and photo galleries.",real estate
"Event landing page with schedule, ticketing options, and guest list features.",fashion
"Event landing page with schedule, ticketing options, and guest list features.",blog
"Travel blog with itinerary sharing, destination guides, and photo galleries.",restaurant
"E-learning platform with courses, quizzes, and student progress tracking.",e-commerce
"News site template with category filtering, trending articles, and social media links.",corporate
"Fitness website with workout plans, meal suggestions, and progress tracking.",real estate
"A restaurant website with menu display, reservation system, and contact form.",e-commerce
"Fitness website with workout plans, meal suggestions, and progress tracking.",e-learning
"Real estate website with property listings, agent contact information, and virtual tours.",music
Landing page for product launch with email signup and product showcase.,forum
"Professional portfolio with sections for projects, skills, and contact details.",health
"News site template with category filtering, trending articles, and social media links.",e-learning
"Health and wellness site with articles, tips, and a community forum.",health
"A restaurant website with menu display, reservation system, and contact form.",photography
"Fitness website with workout plans, meal suggestions, and progress tracking.",tech
"Health and wellness site with articles, tips, and a community forum.",landing page
"Music artist website with discography, tour dates, and merchandise shop.",news
"Online forum for discussions, user-generated content, and topic categorization.",gaming
"Corporate website with sections for about us, services, and contact information.",health
"Gaming website with news, reviews, and community engagement sections.",e-learning
"Fashion website with lookbooks, online shop, and style guides.",corporate
"E-learning platform with courses, quizzes, and student progress tracking.",gaming
"Travel blog with itinerary sharing, destination guides, and photo galleries.",music
"Real estate website with property listings, agent contact information, and virtual tours.",e-learning
"Corporate website with sections for about us, services, and contact information.",fashion
"Photography website with galleries, portfolio showcase, and booking form.",portfolio
"Fitness website with workout plans, meal suggestions, and progress tracking.",fashion
"Fashion website with lookbooks, online shop, and style guides.",forum
"E-learning platform with courses, quizzes, and student progress tracking.",landing page
"Personal blog with space for articles, comments, and social media links.",tech
"E-learning platform with courses, quizzes, and student progress tracking.",e-learning
"Personal blog with space for articles, comments, and social media links.",fitness
"A restaurant website with menu display, reservation system, and contact form.",landing page
"Gaming website with news, reviews, and community engagement sections.",corporate
"Real estate website with property listings, agent contact information, and virtual tours.",e-commerce
"Music artist website with discography, tour dates, and merchandise shop.",news
"Travel blog with itinerary sharing, destination guides, and photo galleries.",forum
"Event landing page with schedule, ticketing options, and guest list features.",blog
"Event landing page with schedule, ticketing options, and guest list features.",restaurant
"Fitness website with workout plans, meal suggestions, and progress tracking.",landing page
"Professional portfolio with sections for projects, skills, and contact details.",e-learning
Landing page for product launch with email signup and product showcase.,portfolio
"A restaurant website with menu display, reservation system, and contact form.",travel
"Photography website with galleries, portfolio showcase, and booking form.",blog
"Professional portfolio with sections for projects, skills, and contact details.",non-profit
"Tech news website with articles, reviews, and user commentary sections.",photography
"Online forum for discussions, user-generated content, and topic categorization.",blog
"News site template with category filtering, trending articles, and social media links.",fashion
"Non-profit organization site with donation options, event calendars, and volunteer signup.",real estate
"Online forum for discussions, user-generated content, and topic categorization.",forum
"Music artist website with discography, tour dates, and merchandise shop.",health
"Music artist website with discography, tour dates, and merchandise shop.",music
"Event landing page with schedule, ticketing options, and guest list features.",fitness
"Gaming website with news, reviews, and community engagement sections.",fashion
"Fashion website with lookbooks, online shop, and style guides.",tech
A modern online store with shopping cart functionality and payment integration.,travel
"Tech news website with articles, reviews, and user commentary sections.",forum
